Workbook

Sheet Summary
A1: Timberline pacing by player type
A2: Calculated from the Runs sheet: 3 runs per player type, 3 hours of play each. Times are minutes from the start of a new company.
A4: Player type | B4: Steam: earliest | C4: Steam: latest | D4: Gas: earliest | E4: Gas: latest | F4: Runs reaching gas | G4: Mechanized: earliest | H4: Mechanized: latest | I4: Runs reaching mechanized | J4: Avg improvements by 1 h | K4: Avg improvements by 2 h | L4: Avg improvements by 3 h | M4: Longest achievement gap (max) | N4: Total minutes owing wages
A5: Idle (never plays mini-games) | B5: =_xlfn.MINIFS(Runs!$C$5:$C$16,Runs!$A$5:$A$16,$A5) -> 29 | C5: =_xlfn.MAXIFS(Runs!$C$5:$C$16,Runs!$A$5:$A$16,$A5) -> 32 | D5: =IF(F5=0,"not reached",_xlfn.MINIFS(Runs!$D$5:$D$16,Runs!$A$5:$A$16,$A5)) -> 134 | E5: =IF(F5=0,"not reached",_xlfn.MAXIFS(Runs!$D$5:$D$16,Runs!$A$5:$A$16,$A5)) -> 169 | F5: =COUNTIFS(Runs!$A$5:$A$16,$A5,Runs!$D$5:$D$16,"<>") -> 3 | G5: =IF(I5=0,"not reached",_xlfn.MINIFS(Runs!$E$5:$E$16,Runs!$A$5:$A$16,$A5)) -> not reached | H5: =IF(I5=0,"not reached",_xlfn.MAXIFS(Runs!$E$5:$E$16,Runs!$A$5:$A$16,$A5)) -> not reached | I5: =COUNTIFS(Runs!$A$5:$A$16,$A5,Runs!$E$5:$E$16,"<>") -> 0 | J5: =AVERAGEIFS(Runs!$F$5:$F$16,Runs!$A$5:$A$16,$A5) -> 0 | K5: =AVERAGEIFS(Runs!$G$5:$G$16,Runs!$A$5:$A$16,$A5) -> 0 | L5: =AVERAGEIFS(Runs!$H$5:$H$16,Runs!$A$5:$A$16,$A5) -> 0 | M5: =_xlfn.MAXIFS(Runs!$L$5:$L$16,Runs!$A$5:$A$16,$A5) -> 39 | N5: =SUMIFS(Runs!$K$5:$K$16,Runs!$A$5:$A$16,$A5) -> 0
A6: Steady clicker | B6: =_xlfn.MINIFS(Runs!$C$5:$C$16,Runs!$A$5:$A$16,$A6) -> 31 | C6: =_xlfn.MAXIFS(Runs!$C$5:$C$16,Runs!$A$5:$A$16,$A6) -> 38 | D6: =IF(F6=0,"not reached",_xlfn.MINIFS(Runs!$D$5:$D$16,Runs!$A$5:$A$16,$A6)) -> 137 | E6: =IF(F6=0,"not reached",_xlfn.MAXIFS(Runs!$D$5:$D$16,Runs!$A$5:$A$16,$A6)) -> 157 | F6: =COUNTIFS(Runs!$A$5:$A$16,$A6,Runs!$D$5:$D$16,"<>") -> 2 | G6: =IF(I6=0,"not reached",_xlfn.MINIFS(Runs!$E$5:$E$16,Runs!$A$5:$A$16,$A6)) -> not reached | H6: =IF(I6=0,"not reached",_xlfn.MAXIFS(Runs!$E$5:$E$16,Runs!$A$5:$A$16,$A6)) -> not reached | I6: =COUNTIFS(Runs!$A$5:$A$16,$A6,Runs!$E$5:$E$16,"<>") -> 0 | J6: =AVERAGEIFS(Runs!$F$5:$F$16,Runs!$A$5:$A$16,$A6) -> 0 | K6: =AVERAGEIFS(Runs!$G$5:$G$16,Runs!$A$5:$A$16,$A6) -> 0 | L6: =AVERAGEIFS(Runs!$H$5:$H$16,Runs!$A$5:$A$16,$A6) -> 0 | M6: =_xlfn.MAXIFS(Runs!$L$5:$L$16,Runs!$A$5:$A$16,$A6) -> 41 | N6: =SUMIFS(Runs!$K$5:$K$16,Runs!$A$5:$A$16,$A6) -> 0
A7: Casual (a run about every 2 min) | B7: =_xlfn.MINIFS(Runs!$C$5:$C$16,Runs!$A$5:$A$16,$A7) -> 34 | C7: =_xlfn.MAXIFS(Runs!$C$5:$C$16,Runs!$A$5:$A$16,$A7) -> 42 | D7: =IF(F7=0,"not reached",_xlfn.MINIFS(Runs!$D$5:$D$16,Runs!$A$5:$A$16,$A7)) -> 77 | E7: =IF(F7=0,"not reached",_xlfn.MAXIFS(Runs!$D$5:$D$16,Runs!$A$5:$A$16,$A7)) -> 95 | F7: =COUNTIFS(Runs!$A$5:$A$16,$A7,Runs!$D$5:$D$16,"<>") -> 3 | G7: =IF(I7=0,"not reached",_xlfn.MINIFS(Runs!$E$5:$E$16,Runs!$A$5:$A$16,$A7)) -> 143 | H7: =IF(I7=0,"not reached",_xlfn.MAXIFS(Runs!$E$5:$E$16,Runs!$A$5:$A$16,$A7)) -> 170 | I7: =COUNTIFS(Runs!$A$5:$A$16,$A7,Runs!$E$5:$E$16,"<>") -> 3 | J7: =AVERAGEIFS(Runs!$F$5:$F$16,Runs!$A$5:$A$16,$A7) -> 10 | K7: =AVERAGEIFS(Runs!$G$5:$G$16,Runs!$A$5:$A$16,$A7) -> 12 | L7: =AVERAGEIFS(Runs!$H$5:$H$16,Runs!$A$5:$A$16,$A7) -> 13 | M7: =_xlfn.MAXIFS(Runs!$L$5:$L$16,Runs!$A$5:$A$16,$A7) -> 33 | N7: =SUMIFS(Runs!$K$5:$K$16,Runs!$A$5:$A$16,$A7) -> 0
A8: Mini-game player | B8: =_xlfn.MINIFS(Runs!$C$5:$C$16,Runs!$A$5:$A$16,$A8) -> 14 | C8: =_xlfn.MAXIFS(Runs!$C$5:$C$16,Runs!$A$5:$A$16,$A8) -> 19 | D8: =IF(F8=0,"not reached",_xlfn.MINIFS(Runs!$D$5:$D$16,Runs!$A$5:$A$16,$A8)) -> 49 | E8: =IF(F8=0,"not reached",_xlfn.MAXIFS(Runs!$D$5:$D$16,Runs!$A$5:$A$16,$A8)) -> 60 | F8: =COUNTIFS(Runs!$A$5:$A$16,$A8,Runs!$D$5:$D$16,"<>") -> 3 | G8: =IF(I8=0,"not reached",_xlfn.MINIFS(Runs!$E$5:$E$16,Runs!$A$5:$A$16,$A8)) -> 97 | H8: =IF(I8=0,"not reached",_xlfn.MAXIFS(Runs!$E$5:$E$16,Runs!$A$5:$A$16,$A8)) -> 107 | I8: =COUNTIFS(Runs!$A$5:$A$16,$A8,Runs!$E$5:$E$16,"<>") -> 3 | J8: =AVERAGEIFS(Runs!$F$5:$F$16,Runs!$A$5:$A$16,$A8) -> 16 | K8: =AVERAGEIFS(Runs!$G$5:$G$16,Runs!$A$5:$A$16,$A8) -> 18.333333 | L8: =AVERAGEIFS(Runs!$H$5:$H$16,Runs!$A$5:$A$16,$A8) -> 18.333333 | M8: =_xlfn.MAXIFS(Runs!$L$5:$L$16,Runs!$A$5:$A$16,$A8) -> 35 | N8: =SUMIFS(Runs!$K$5:$K$16,Runs!$A$5:$A$16,$A8) -> 0
A11: Soft-locks | B11: =IF(SUM(Runs!K5:K16)=0,"None: no run ever owed wages, and purchase gaps stayed near 4 minutes after the opening.","Check Runs: some runs owed wages.") -> None: no run ever owed wages, and purchase gaps stayed near 4 minutes after the opening.

Sheet Runs
A1: Timberline simulation: per-run results (3 hours of play each)
A2: Hardcoded values come from the headless bot simulation of game version 8 (improvements unlock from runs). Blank era cell = not reached within 3 hours.
A4: Player type | B4: Seed | C4: Steam (min) | D4: Gas (min) | E4: Mechanized (min) | F4: Improvements by 60 min | G4: Improvements by 120 min | H4: Improvements by 180 min | I4: Longest purchase gap (min) | J4: Gap starts at (min) | K4: Minutes owing wages | L4: Longest achievement gap (min) | M4: Achievement gap starts at (min) | N4: Achievements earned
A5: Idle (never plays mini-games) | B5: 1 | C5: 31 | D5: 169 | F5: 0 | G5: 0 | H5: 0 | I5: 3.5 | J5: 125 | K5: 0 | L5: 39 | M5: 110 | N5: 39
A6: Idle (never plays mini-games) | B6: 2 | C6: 32 | D6: 134 | F6: 0 | G6: 0 | H6: 0 | I6: 4 | J6: 149 | K6: 0 | L6: 25 | M6: 109 | N6: 40
A7: Idle (never plays mini-games) | B7: 3 | C7: 29 | D7: 159 | F7: 0 | G7: 0 | H7: 0 | I7: 3.4 | J7: 168 | K7: 0 | L7: 35 | M7: 101 | N7: 39
A8: Casual (a run about every 2 min) | B8: 1 | C8: 42 | D8: 95 | E8: 170 | F8: 9 | G8: 11 | H8: 12 | I8: 9 | J8: 9 | K8: 0 | L8: 33 | M8: 130 | N8: 46
A9: Casual (a run about every 2 min) | B9: 2 | C9: 36 | D9: 77 | E9: 143 | F9: 11 | G9: 13 | H9: 14 | I9: 10.8 | J9: 16 | K9: 0 | L9: 26 | M9: 116 | N9: 47
A10: Casual (a run about every 2 min) | B10: 3 | C10: 34 | D10: 92 | E10: 161 | F10: 10 | G10: 12 | H10: 13 | I10: 5 | J10: 5 | K10: 0 | L10: 33 | M10: 121 | N10: 47
A11: Steady clicker | B11: 1 | C11: 35 | F11: 0 | G11: 0 | H11: 0 | I11: 3.1 | J11: 124 | K11: 0 | L11: 41 | M11: 111 | N11: 38
A12: Steady clicker | B12: 2 | C12: 38 | D12: 157 | F12: 0 | G12: 0 | H12: 0 | I12: 3.1 | J12: 43 | K12: 0 | L12: 36 | M12: 114 | N12: 39
A13: Steady clicker | B13: 3 | C13: 31 | D13: 137 | F13: 0 | G13: 0 | H13: 0 | I13: 3.6 | J13: 148 | K13: 0 | L13: 34 | M13: 103 | N13: 40
A14: Mini-game player | B14: 1 | C14: 19 | D14: 60 | E14: 107 | F14: 17 | G14: 19 | H14: 19 | I14: 3.7 | J14: 106 | K14: 0 | L14: 14 | M14: 124 | N14: 52
A15: Mini-game player | B15: 2 | C15: 18 | D15: 50 | E15: 97 | F15: 16 | G15: 18 | H15: 18 | I15: 4.6 | J15: 89 | K15: 0 | L15: 35 | M15: 128 | N15: 53
A16: Mini-game player | B16: 3 | C16: 14 | D16: 49 | E16: 97 | F16: 15 | G16: 18 | H16: 18 | I16: 4.5 | J16: 82 | K16: 0 | L16: 32 | M16: 131 | N16: 53

Sheet Findings
A1: What changed and what to do next
A3: Type | B3: Topic | C3: Detail
A4: Finding | B4: Non-players stall in the steam era | C4: Idle and clicker players reach steam at about 30 minutes, then spend 100–130 minutes there with a 35–40 minute stretch without achievements. With no improvements, their multipliers stop growing. This is the new main point of strain.
A5: Finding | B5: Mini-game players move too fast | C5: Mechanized arrives at about 100 minutes, nearly twice as fast as a casual player. Fast improvement unlocks stack with 50% pace boosts that are active on all four stages most of the time. Steam at 14–19 minutes means they skip most of the axe-and-oxen grind.
A6: Finding | B6: Casual players have the best pacing | C6: Each era lasts 40–70 minutes. Improvements stall at about 13 because later ones need clean-run streaks and 40–100 total runs.
A7: Option | B7: Fix the steam-era strain for non-players | C7: Let some achievements grant an improvement, giving idle players a slower but real path. Or add steam-era goals and rewards that do not depend on mini-games.
A8: Option | B8: Slow down mini-game players | C8: Cap boosts so only one or two stages can be boosted at once, or lower the boost to ×1.3. Either would also spread out their achievements.
A9: Option | B9: Help casual players reach later improvements | C9: Lower the 40/60/100 total-run requirements to about 30/45/70.
